﻿<?xml version="1.0" encoding="utf-8"?>
<ImportExportXml version="9.2.21013.00156" SolutionPackageVersion="9.2" languagecode="1033" generatedBy="CrmLive" xmlns:xsi="http://www.w3.org/2001/XMLSchema-instance">
  <SolutionManifest>
    <UniqueName>D365SQLStagingGenerator</UniqueName>
    <LocalizedNames>
      <LocalizedName description="D365 SQL Staging Generator" languagecode="1033" />
    </LocalizedNames>
    <Descriptions>
      <Description description="Generates SQL staging tables from D365 entity metadata" languagecode="1033" />
    </Descriptions>
    <Version>1.0.0.0</Version>
    <Managed>0</Managed>
    <Publisher>
      <UniqueName>DefaultPublisher</UniqueName>
      <LocalizedNames>
        <LocalizedName description="Default Publisher" languagecode="1033" />
      </LocalizedNames>
      <Descriptions>
        <Description description="Default Publisher" languagecode="1033" />
      </Descriptions>
      <EMailAddress xsi:nil="true" />
      <SupportingWebsiteUrl xsi:nil="true" />
      <CustomizationPrefix>new</CustomizationPrefix>
      <CustomizationOptionValuePrefix>10000</CustomizationOptionValuePrefix>
      <Addresses>
        <Address>
          <AddressNumber>1</AddressNumber>
          <AddressTypeCode>1</AddressTypeCode>
          <City xsi:nil="true" />
          <County xsi:nil="true" />
          <Country xsi:nil="true" />
          <Fax xsi:nil="true" />
          <FreightTermsCode xsi:nil="true" />
          <ImportSequenceNumber xsi:nil="true" />
          <Latitude xsi:nil="true" />
          <Line1 xsi:nil="true" />
          <Line2 xsi:nil="true" />
          <Line3 xsi:nil="true" />
          <Longitude xsi:nil="true" />
          <Name xsi:nil="true" />
          <PostalCode xsi:nil="true" />
          <PostOfficeBox xsi:nil="true" />
          <PrimaryContactName xsi:nil="true" />
          <ShippingMethodCode>1</ShippingMethodCode>
          <StateOrProvince xsi:nil="true" />
          <Telephone1 xsi:nil="true" />
          <Telephone2 xsi:nil="true" />
          <Telephone3 xsi:nil="true" />
          <TimeZoneRuleVersionNumber xsi:nil="true" />
          <UPSZone xsi:nil="true" />
          <UTCOffset xsi:nil="true" />
          <UTCConversionTimeZoneCode xsi:nil="true" />
        </Address>
      </Addresses>
    </Publisher>
    <RootComponents>
      <RootComponent type="29" schemaName="new_GenerateSQLTable" behavior="0" />
    </RootComponents>
    <MissingDependencies />
  </SolutionManifest>
</ImportExportXml>
